timestamp,cpu_utilization,memory_utilization,network_latency,error_rate,kpi_value
2026-05-29 19:39:48.599308,43.97371322408986,59.630887737658206,130.99033154879004,0.5167541614249956,286.5594864929549
2026-05-29 20:39:48.599308,38.893885590630525,64.54708320235065,123.86950524369153,0.31732214255072,322.45935912164674
2026-05-29 21:39:48.599308,45.18150830480554,48.00716213090429,110.89445554880261,0.27727016748665395,334.8060461326917
2026-05-29 22:39:48.599308,52.184238851264205,57.81484618345286,100.2959483344164,0.3994938313883572,390.76115411082867
2026-05-29 23:39:48.599308,38.12677300221331,51.746787154390866,120.47334970420386,0.37447230662126074,391.42775097088213
2026-05-30 00:39:48.599308,38.126904344406555,52.56437308117652,115.90228078132624,0.33201579260090874,506.39881122118817
2026-05-30 01:39:48.599308,52.63370252405913,52.03803037880565,123.42789830041599,0.5044581171185073,551.7999732813709
2026-05-30 02:39:48.599308,46.13947783322327,50.68004615160092,119.52757702522955,0.5432957812855767,575.4873410679543
2026-05-30 03:39:48.599308,36.24420491252038,55.24260813972413,125.74329072979003,0.41326103294377714,661.1987262902817
2026-05-30 04:39:48.599308,44.34048034868772,50.845249417944814,101.97147182659148,0.6216295121582892,701.3321848856845
2026-05-30 05:39:48.599308,36.2926584575003,56.35228412889919,129.76091098451488,0.22874663287997427,644.9583693267444
2026-05-30 06:39:48.599308,36.27416197143795,54.748809452754315,112.963994070386,0.3709510811080423,677.1182566430135
2026-05-30 07:39:48.599308,41.93569817252828,53.80525976566795,141.12891308937898,0.2924766519095793,670.1108947641947
2026-05-30 08:39:48.599308,24.693758042737617,50.46218168979201,99.66218272865648,0.12001950743904104,645.0079877236219
2026-05-30 09:39:48.599308,26.200657339895738,52.116143347158335,136.03945704747875,0.38759789712359516,666.305601495262
2026-05-30 10:39:48.599308,35.50169976607222,58.77695612912878,112.96866175193972,0.3817378737425075,594.1852158368159
2026-05-30 11:39:48.599308,31.89735103732461,57.504585938121906,100.22872994578327,0.6270174614863196,543.8283637811859
2026-05-30 12:39:48.599308,42.51397866076219,50.11222377600725,102.74171248918518,0.4946217526832167,439.8841290677974
2026-05-30 13:39:48.599308,32.735807395830314,55.49666152714613,105.1947903770852,0.24637197635061928,467.29873188577267
2026-05-30 14:39:48.599308,28.701570389317666,58.75693561685895,116.36248919602875,0.6781138849501283,362.8222481543959
2026-05-30 15:39:48.599308,51.72519015137243,46.65297359439314,117.8425323205325,0.583155054328803,360.37662267068043
2026-05-30 16:39:48.599308,38.19378959610771,57.71680096189967,101.39449994092132,0.4873146555202924,335.11622738185804
2026-05-30 17:39:48.599308,40.54022563750339,51.686881205270765,109.63468111608526,0.36602738517252525,347.6345926173459
2026-05-30 18:39:48.599308,28.602014510292346,57.852993342965796,142.13405537917797,0.2560841144914781,260.7353880264266
2026-05-30 19:39:48.599308,35.64493820379854,51.18370421728741,135.91314755151066,0.3441689835893421,216.22947006756158
2026-05-30 20:39:48.599308,40.88738071767893,45.97558949667741,116.54485504511048,0.5633122929556279,332.3104055857232
2026-05-30 21:39:48.599308,30.79205138062158,46.862287810584185,110.570052172523,0.6826879458901913,412.5939792080161
2026-05-30 22:39:48.599308,43.00558414676537,55.24042473330691,111.80046990077392,0.6314865292408284,437.168390588183
2026-05-30 23:39:48.599308,35.19489048064956,56.29861250860741,119.20276959095625,0.3266725867320589,454.5259734377345
2026-05-31 00:39:48.599308,37.666450001653786,50.47841687447796,94.65811152202392,0.23205738500664835,485.25091443103855
2026-05-31 01:39:48.599308,35.186347102164824,58.19296229388687,106.13935193864982,0.4211329370366806,575.9774869196234
2026-05-31 02:39:48.599308,54.818225476071504,46.6923996886552,84.97123889183615,0.13473409516557228,570.7936140088659
2026-05-31 03:39:48.599308,39.89202220209653,54.669601006763415,115.98834683907918,0.44847515712771724,655.7120893179961
2026-05-31 04:39:48.599308,31.5383125683528,48.94491900118772,119.70793909554112,0.37785961205519975,688.3691855318865
2026-05-31 05:39:48.599308,46.58035929682551,51.7408194609892,102.75220306550939,0.3300945247197637,724.9914624827801
2026-05-31 06:39:48.599308,30.233250800231822,55.23699335658207,133.6098014493505,0.16079453990998072,782.7898011673324
2026-05-31 07:39:48.599308,41.670908760038046,50.69793317358024,91.61351505496488,0.4770400159854575,704.9576442731767
2026-05-31 08:39:48.599308,24.322639008961794,53.077222278850876,88.0343767968527,0.3200948740507133,657.9361719856629
2026-05-31 09:39:48.599308,29.374511608812554,60.0314640460722,113.36677727839958,0.22451247464345683,640.6541268715497
2026-05-31 10:39:48.599308,41.57488988695299,52.115540652384254,125.70647453918232,0.0,546.9277228533265
2026-05-31 11:39:48.599308,45.907732639963285,59.17846056032571,135.25891537186803,0.3958727642424046,530.9224150878325
2026-05-31 12:39:48.599308,41.37094624951976,49.35146572671191,103.1167360569659,0.6658377395004617,487.7215268566069
2026-05-31 13:39:48.599308,39.07481374089408,57.64902088957641,126.18021250146944,0.6491888821821805,432.5135390414581
2026-05-31 14:39:48.599308,37.59117043528569,62.207843103289505,109.42237295748939,0.3314355615120593,404.5706461610117
2026-05-31 15:39:48.599308,28.17182407706058,42.641777499363556,107.41059050088771,0.30966819094573295,333.9060457912246
2026-05-31 16:39:48.599308,34.24124633284233,51.015523722647615,123.25489906230008,0.4703161384112536,360.42583926284647
2026-05-31 17:39:48.599308,36.3148898323217,57.8853606359027,119.78484317620129,0.2502421841217563,306.82104668973227
2026-05-31 18:39:48.599308,48.45697780975132,53.984773069785035,86.35411764523626,0.44526878497291994,299.7209903658412
2026-05-31 19:39:48.599308,42.74894631654769,56.85572936685654,132.14810524588844,0.5149120417577036,296.9779932467988
2026-05-31 20:39:48.599308,25.89567875709813,51.9800740664209,130.70137031221176,0.5840399835826462,331.45063975888166
2026-05-31 21:39:48.599308,42.592671755158364,55.4329489373645,100.61655947735706,0.3849768885280071,383.33159170271955
2026-05-31 22:39:48.599308,36.91934175666947,54.221613823039604,115.93705300156114,0.36944893747345514,373.9860935286729
2026-05-31 23:39:48.599308,34.58462399755233,60.838910308299035,117.41045279424108,0.2683026119865159,428.49269630723796
2026-06-01 00:39:48.599308,44.89341031072694,56.272104216506065,113.9101064873586,0.27596794689402104,490.88821913670006
2026-06-01 01:39:48.599308,48.24799617996761,56.68801331037601,101.7454226923187,0.366028166214771,511.3876813163077
2026-06-01 02:39:48.599308,47.45024095292959,52.94061516938766,99.92564948092922,0.45510482602242674,575.422264208355
2026-06-01 03:39:48.599308,33.286259814218894,52.56196887963753,109.61668893512832,0.5370376939349875,627.1347300309698
2026-06-01 04:39:48.599308,37.52630099319028,52.8372090609019,127.59093528889046,0.2795231573979483,699.4367561782695
2026-06-01 05:39:48.599308,42.650107451228514,56.97226071189149,118.15400231891648,0.6239032853439282,701.0620051278714
2026-06-01 06:39:48.599308,47.80436101697887,52.895077595898684,104.44078501870841,0.3593314598436147,705.8076973410264
2026-06-01 07:39:48.599308,36.16660609723768,56.448874284482066,121.57548065972517,0.3967949058477346,718.7121041228528
2026-06-01 08:39:48.599308,38.51472818668946,65.37700399322719,67.27186069054886,0.2879182481278265,669.0839271049059
2026-06-01 09:39:48.599308,31.149320207951774,59.35562351715846,127.23148550558155,0.0363639609590588,653.1353017351762
2026-06-01 10:39:48.599308,30.430347007354634,53.369882339160796,83.9042933183285,0.5326068094541575,596.9033474120251
2026-06-01 11:39:48.599308,46.500206579153584,61.00606961081972,104.56338587895301,0.510526584563865,559.7246795024931
2026-06-01 12:39:48.599308,50.84992022856658,52.95962313489224,93.20495158060784,0.357800866432268,482.51724027165255
2026-06-01 13:39:48.599308,39.42391902735733,44.80937732411073,90.57977786418641,0.4100486075837308,375.071676231203
2026-06-01 14:39:48.599308,48.02826318313619,49.95956844541298,127.41240181067779,0.4773908826556149,395.97162513441094
2026-06-01 15:39:48.599308,42.89308820038107,45.646040394870724,102.98448198032163,0.16561812146701863,401.2610878456888
2026-06-01 16:39:48.599308,34.839041963159005,53.24243257979346,115.19755822596073,0.3206420983980558,354.5813813103601
2026-06-01 17:39:48.599308,42.89116484406731,55.09209189594776,109.29619131681224,0.5191397019432741,335.77675927992146
2026-06-01 18:39:48.599308,52.304292531727754,63.382186561376415,117.15561240834683,0.21185658652461262,337.08392165418655
2026-06-01 19:39:48.599308,39.713391687120385,56.63463686882081,111.15232836590383,0.4440336898249944,309.47456247102946
2026-06-01 20:39:48.599308,52.51714924651205,53.90449735595568,90.75511663717145,0.19651272930648928,332.7143904652802
2026-06-01 21:39:48.599308,19.042039167282045,59.14702790591745,124.9440022917071,0.469964497365029,340.04908689966
2026-06-01 22:39:48.599308,46.57522003500179,43.944323454960575,102.59365125258032,0.3946537776553775,390.5178143191884
2026-06-01 23:39:48.599308,40.69637654590537,56.17807279054283,86.65127152010373,0.1577302276141736,466.7093254726299
2026-06-02 00:39:48.599308,37.60794119627306,58.85432596943483,103.57827258551131,0.5747109031685758,536.1165331150645
2026-06-02 01:39:48.599308,40.73408621228402,47.60706877110079,132.51139685951466,0.2898112634802927,547.5804207500742
2026-06-02 02:39:48.599308,24.099448683192858,60.71877021603464,122.7533261317024,0.2784621344478429,586.4943220544576
2026-06-02 03:39:48.599308,38.242624897299905,56.69248203747207,104.7702179838821,0.43008537958464144,641.4371950030074
2026-06-02 04:39:48.599308,42.85690057209397,52.923560430495996,104.76113443522357,0.5722956024143073,691.2412832247611
2026-06-02 05:39:48.599308,51.82315235793213,58.163909330531425,105.17547423173926,0.2476267271532405,649.8695207738074
2026-06-02 06:39:48.599308,35.85383825381082,66.35346428902199,141.15121975341262,0.40925197747719577,631.1145714058829
2026-06-02 07:39:48.599308,33.5320511768545,55.90933127529247,115.7290317834733,0.46432247504958596,676.6690597730661
2026-06-02 08:39:48.599308,35.98594365132371,56.24110293150168,116.45062470786604,0.5039658410894716,636.583707979463
2026-06-02 09:39:48.599308,47.32321694161659,52.703195502298776,125.45425181047763,0.4264662332915838,626.1771503078902
2026-06-02 10:39:48.599308,42.630008877277476,50.75077815267604,113.5818373853977,0.3449458241375017,595.5665904354759
2026-06-02 11:39:48.599308,35.76191836986369,59.15167908272123,106.11436781268945,0.2758614669026921,538.1663567498139
2026-06-02 12:39:48.599308,44.106139464906846,50.719580870455665,107.05475226372532,0.41292158245695626,543.5740260341223
2026-06-02 13:39:48.599308,40.776620394784324,55.35783118609696,108.92598110878905,0.239179148202159,458.0385339175655
2026-06-02 14:39:48.599308,47.74915992426311,52.61171276617441,109.44166645235238,0.0,409.0142307883249
2026-06-02 15:39:48.599308,34.38357524898118,57.39489912873196,120.9144431545547,0.4654839706236502,377.24485808399265
2026-06-02 16:39:48.599308,37.37870282721786,56.668310526434745,110.77918828710949,0.5355902261629293,292.62992570968925
2026-06-02 17:39:48.599308,36.863134774942736,60.1876997212895,120.98960115823368,0.04556013466872427,337.9881883647944
2026-06-02 18:39:48.599308,28.29188041494305,52.44991800572627,108.78925129837127,0.2485403942935094,297.7270714039362
2026-06-02 19:39:48.599308,42.36896221651661,53.65062532353314,111.17952785474137,0.4928731391507797,326.92925325942275
2026-06-02 20:39:48.599308,42.08844217743911,50.106181421088465,80.02698973201838,0.7086243204567548,294.63920225190765
2026-06-02 21:39:48.599308,40.04090765313969,52.778533699619445,123.74491512053721,0.4031190561513112,311.96588078220856
2026-06-02 22:39:48.599308,38.12330293299882,56.88650246522426,115.19732713846989,0.2907995588156299,424.5366897407507
2026-06-02 23:39:48.599308,28.677034063596686,58.78494308322676,124.97015164789478,0.372565533834274,459.5284767624212
2026-06-03 00:39:48.599308,36.63483741787713,50.389173379111874,66.55616932709466,0.6062314628722277,472.93845336927467
2026-06-03 01:39:48.599308,37.25828386778584,59.3480296005283,141.3256205717109,0.30310537313131974,525.6739165822634
2026-06-03 02:39:48.599308,33.581781846227045,61.778189294024756,107.9061555776724,0.28012119900246196,633.7630435324431
2026-06-03 03:39:48.599308,38.70971430667193,57.067174516118506,126.62274225106275,0.32758847167269517,605.7389994512897
2026-06-03 04:39:48.599308,43.232406854516306,64.38397906279033,94.40141109311703,0.2570007087611932,722.4852693545666
2026-06-03 05:39:48.599308,55.08948720968424,51.13105400448214,119.19160857593855,0.41840054739921934,666.1665432183776
2026-06-03 06:39:48.599308,41.396622502654715,48.776726483442914,94.19876655239516,0.6437017687704341,719.1517577682515
2026-06-03 07:39:48.599308,42.06040312578211,46.10639875547861,100.64346558956292,0.4484618909674044,683.3266109853441
2026-06-03 08:39:48.599308,39.404432673870666,62.480221557445915,138.7104703080018,0.3621469746810569,691.3007036893581
2026-06-03 09:39:48.599308,24.64983027760767,58.27182828177029,107.1397639885498,0.3562283096626684,625.0979361738837
2026-06-03 10:39:48.599308,39.78788899640627,54.72207664544772,113.26149309769585,0.1655213786955015,595.1162128178312
2026-06-03 11:39:48.599308,40.48184167952821,56.3998431315991,123.05101596033131,0.5324664665720739,552.9913842823759
2026-06-03 12:39:48.599308,59.70593689988229,49.37255476350812,117.43522831958907,0.38832442044807974,469.9343763265558
2026-06-03 13:39:48.599308,38.46111228175102,67.22875989808414,112.25628357715364,0.37292801296140615,470.46092134209965
2026-06-03 14:39:48.599308,42.4123787386689,55.64610590987614,115.47441503699338,0.8789661351767292,384.60359300585253
2026-06-03 15:39:48.599308,39.722305842358054,55.546973973024464,146.05123377857413,0.44481293625485296,351.72064630249
2026-06-03 16:39:48.599308,30.650575699043742,58.628833119493464,109.13571804449622,0.28723134248572235,296.96443800485696
2026-06-03 17:39:48.599308,49.142582516120164,57.40504615868357,113.01648570072452,0.33604636056916853,229.94482497832703
2026-06-03 18:39:48.599308,46.015464261494195,56.119420121395656,125.75981594011418,0.5722668563795132,294.26916712199494
2026-06-03 19:39:48.599308,46.328255576344375,51.04762772277344,126.58288899436975,0.41699056158066466,379.19329739057383
2026-06-03 20:39:48.599308,32.724900361642085,57.35734178567998,127.8054545834057,0.18425830325239503,350.333047880053
2026-06-03 21:39:48.599308,51.22235448748879,64.41012248237517,119.58095333043777,0.5378843401862805,358.00083237065866
2026-06-03 22:39:48.599308,28.785191497661753,61.72710023077489,92.85492630904275,0.29977838716915095,392.11327512375186
2026-06-03 23:39:48.599308,44.69485675040216,62.965933133196984,134.50147298451643,0.6809946664326318,448.9101677638571
2026-06-04 00:39:48.599308,57.523645006479825,52.443921617844076,92.80481910471968,0.5620072098571973,516.4135734552563
2026-06-04 01:39:48.599308,32.075709398954494,50.0519758987071,114.5395319785855,0.33290171565118737,516.3394245612388
2026-06-04 02:39:48.599308,35.46961816317783,54.37106539950176,98.68586224970963,0.592152454260267,633.4296508400662
2026-06-04 03:39:48.599308,40.79721092070113,55.27862456144347,109.0379248011051,0.4101783265791105,662.8827957005468
2026-06-04 04:39:48.599308,35.972194767070405,60.47095759235474,114.93143615455222,0.527916051268333,694.7506525281258
2026-06-04 05:39:48.599308,27.59469255147094,46.5376768514259,114.8203582317541,0.4727099225941712,706.3394374221054
2026-06-04 06:39:48.599308,40.548503798448216,62.64775159730307,116.32881131352927,0.273046501751369,700.5884997308196
2026-06-04 07:39:48.599308,31.50157029019116,54.20996050710505,134.2056690358797,0.30346752515238073,713.3710023368183
2026-06-04 08:39:48.599308,43.788739445081454,52.8655946502629,116.8030145227097,0.5544941226371742,690.9595047691291
2026-06-04 09:39:48.599308,32.644606126129574,49.93947812369916,106.33765047064027,0.3497837001840189,630.8001349090788
2026-06-04 10:39:48.599308,52.39947524014032,46.72571664067115,124.46130752432536,0.3394527305137005,582.791946813093
2026-06-04 11:39:48.599308,33.7339736613101,59.11585291980957,127.8420573338696,0.25673161309759707,554.8194978783639
2026-06-04 12:39:48.599308,37.4235078703546,55.36658983594202,91.58588277294511,0.4635398598390192,546.4706045448556
2026-06-04 13:39:48.599308,46.50813773895736,48.55019550129473,118.96100104774787,0.7093787378864718,411.06297870987885
2026-06-04 14:39:48.599308,30.15308546852836,48.52460613968192,120.51759113466348,0.2398700628618591,355.97424202742684
2026-06-04 15:39:48.599308,41.81967947683304,53.32107650354936,105.53654744960012,0.4036329185009137,363.5214689997861
2026-06-04 16:39:48.599308,50.45714203425943,63.34510762644697,130.6356021996743,0.6118330833123145,328.32155029879283
2026-06-04 17:39:48.599308,27.14013412351018,53.702043243181976,107.7491661945121,0.3880537913131427,312.0150846732986
2026-06-04 18:39:48.599308,41.47707086825844,47.48428523440947,111.88364680207314,0.46785576943746016,307.318595937255
2026-06-04 19:39:48.599308,42.07906235398739,53.77128467957028,107.40392263574195,0.24064097077796806,300.1187671031422
2026-06-04 20:39:48.599308,46.25458297421848,53.63638215126165,110.23368571372201,0.4642460645811473,371.4908224011748
2026-06-04 21:39:48.599308,30.104394312975344,41.515566785292144,93.55587369657198,0.3719283602493177,310.55152440839504
2026-06-04 22:39:48.599308,29.43634709532579,54.72852566741094,88.39923676108559,0.5478594993519794,375.1450892565925
2026-06-04 23:39:48.599308,44.17553252493518,53.84532734895661,133.91757594837458,0.5781079077347127,445.13854817502425
2026-06-05 00:39:48.599308,42.375877385865486,58.481031824067095,97.29557977522508,0.788434546302792,450.70433566537497
2026-06-05 01:39:48.599308,42.003942802767014,64.24478047472672,95.1291147581554,0.48694497598203634,546.488176887542
2026-06-05 02:39:48.599308,42.77158567597581,60.632825147738785,77.69914829594428,0.448869447487325,649.8441049718406
2026-06-05 03:39:48.599308,34.559802227372074,53.65555654722585,100.41557378465747,0.42915764523660044,642.0479508861883
2026-06-05 04:39:48.599308,41.85802957728803,49.46737045629165,90.15365309888752,0.3470250560783968,680.1261079284482
2026-06-05 05:39:48.599308,42.34457978638945,67.8667990162493,134.63022740204553,0.4507725765192537,655.3802223026362
2026-06-05 06:39:48.599308,34.28518865578906,55.29609217007244,125.1472563401395,0.3556897884791456,681.5091577588157
2026-06-05 07:39:48.599308,54.926196089158054,55.06964645956473,99.67774482233415,0.42526914644044217,681.9292738480956
2026-06-05 08:39:48.599308,43.7906633672943,54.87937456444998,143.78653708016463,0.5976396303411939,663.6736278542007
2026-06-05 09:39:48.599308,30.469572022378813,55.99042380383928,124.72648230487391,0.24901861520805385,679.8706700874226
2026-06-05 10:39:48.599308,45.25242886907064,54.27819794038029,105.12752924737066,0.5709817841693569,616.7307318217537
2026-06-05 11:39:48.599308,32.20254663818143,52.13168996559882,72.5089142768964,0.5975672601009798,518.4200703123932
2026-06-05 12:39:48.599308,46.296676829939614,52.26570529379804,144.36413858886112,0.38228972095133823,507.39514335296013
2026-06-05 13:39:48.599308,49.26876463205923,54.83623364892001,89.15641299854606,0.08172176514871085,463.1828434343994
2026-06-05 14:39:48.599308,33.43454145318631,52.282876144331176,85.31901879564663,0.30882670193583517,434.20447115563803
2026-06-05 15:39:48.599308,47.70700903395458,51.43577108661418,125.3385564801446,0.5945491819841664,405.9948643597418
2026-06-05 16:39:48.599308,43.30224741549198,55.53215113845948,146.59628609508908,0.39656979065516773,296.34209348827625
2026-06-05 17:39:48.599308,46.57648127995592,53.72511391289572,130.76409227765777,0.2501046651557634,282.4891094058762
2026-06-05 18:39:48.599308,55.17434386123158,62.51996494291344,118.4586368007854,0.3242837618157674,262.2726642325615
2026-06-05 19:39:48.599308,38.036895071977035,41.74515095803494,118.92131512497929,0.5260930039756829,299.7942389689769
2026-06-05 20:39:48.599308,33.970110685140085,60.45753425961231,122.80123338170462,0.4820100352302069,340.78567047650233
2026-06-05 21:39:48.599308,32.88388456299582,61.23042596248815,121.38392884680148,0.36416018512454584,388.1986792603635
2026-06-05 22:39:48.599308,33.47351772027649,44.63304883795925,114.21787135954064,0.34497633822779683,397.7214692907242
2026-06-05 23:39:48.599308,39.383186324687166,53.28656202959826,111.56301655927814,0.34123627764342673,438.64076528185035
2026-06-06 00:39:48.599308,42.72921579853315,53.142795670021044,109.06110308150717,0.26163847232522464,504.5527397674622
2026-06-06 01:39:48.599308,42.213526394640155,47.96244152641089,98.69053116699986,0.6423063534204163,526.7095219716034
2026-06-06 02:39:48.599308,46.61746599228819,51.110916562045624,105.78987384699839,0.35165192961829905,662.6861616508432
2026-06-06 03:39:48.599308,40.10401513502325,49.44712077267086,84.60564778706922,0.5825737781238245,593.1915254237678
2026-06-06 04:39:48.599308,51.62827261725853,63.761352217118116,108.52490559807875,0.6281974077883677,678.7472981237594
2026-06-06 05:39:48.599308,37.88274533409635,59.678391965737305,95.17113339273624,0.5497466347221941,753.8933518347028
2026-06-06 06:39:48.599308,61.76135333271695,61.35777547497079,93.44616024176344,0.33525695309229275,700.2039953368
2026-06-06 07:39:48.599308,45.00533878212005,58.60836032021617,112.69841226730217,0.46055951355049146,687.4839942077688
2026-06-06 08:39:48.599308,33.14273954866974,49.354741143913856,130.880034295169,0.3963706590413626,662.481718072575
2026-06-06 09:39:48.599308,31.432860015511103,52.37739866860113,123.7747490900347,0.2644447208904808,636.0096057844373
2026-06-06 10:39:48.599308,43.85977932194548,57.44687280613959,86.44249094565234,0.4486538922582405,641.1854542402959
2026-06-06 11:39:48.599308,38.21229771739319,48.889360955540276,95.15557795144494,0.22314403132602964,485.407951680619
2026-06-06 12:39:48.599308,45.71200395273674,58.56499215086194,124.11156781982324,0.5781519082692346,546.0030110388898
2026-06-06 13:39:48.599308,43.78590099658836,53.79837300920933,95.26268909692536,0.33030740540524106,405.5174764059915
2026-06-06 14:39:48.599308,39.417368698745015,53.12589596225202,106.63050275004463,0.43017394838092593,392.0004301229676
2026-06-06 15:39:48.599308,33.22565025545276,58.554799841017456,118.25078148536828,0.44249318073192134,345.7013111537307
2026-06-06 16:39:48.599308,27.881222202513083,57.2213165574302,95.47483317704547,0.36116425394438845,344.4515173362339
2026-06-06 17:39:48.599308,36.42788038346383,53.1951691709046,111.5806325921894,0.4880040702212912,258.8711041856739
2026-06-06 18:39:48.599308,46.85119035458778,60.79664901682124,89.98961757622693,0.32876445150662137,313.8651799824583
2026-06-06 19:39:48.599308,41.71274995304163,49.59468336200052,100.9794853407318,0.5306945946185866,367.5441234407919
2026-06-06 20:39:48.599308,30.034089770304096,58.07967803472132,114.79672901213806,0.19810304796298775,285.899699105328
2026-06-06 21:39:48.599308,41.385447406809455,57.96550628984192,86.10509399702497,0.4189569369319618,364.26982879100234
2026-06-06 22:39:48.599308,43.08253903783069,53.45226780343005,116.60712106940599,0.6908393498587427,380.14053466610164
2026-06-06 23:39:48.599308,32.92914051039094,56.63066511121059,109.70543301609978,0.24995030130916382,461.01280716528674
2026-06-07 00:39:48.599308,41.22980084756422,48.74443211807348,118.28734931625722,0.2983382544212723,500.57443332247254
2026-06-07 01:39:48.599308,40.465669747568,59.6201350960345,113.35871201096992,0.47708617744883725,532.5192017491748
2026-06-07 02:39:48.599308,30.856237617355013,54.075489317785056,130.46210644960766,0.4269372672909397,614.6361685461322
2026-06-07 03:39:48.599308,42.86229888278626,52.3863848974048,111.87836753971861,0.4525945148910339,695.5517995309118
2026-06-07 04:39:48.599308,44.486276210945874,60.245046129184445,103.5589168831212,0.47337806952214956,667.4779670050688
2026-06-07 05:39:48.599308,48.66440994540221,51.4782815472862,111.83446254548426,0.49520822028426553,714.7779035222591
2026-06-07 06:39:48.599308,48.43041641627922,47.957693518182204,118.14947043554582,0.5664549762934334,661.2018112638651
2026-06-07 07:39:48.599308,28.97864505634327,47.21685413238048,110.73290105488556,0.4614727985392769,664.4920739532733
2026-06-07 08:39:48.599308,32.49739968067902,58.0300497567282,110.60887536805824,0.36381135180721863,687.3772690932991
2026-06-07 09:39:48.599308,44.12028213766928,48.597853237518585,99.47012468289867,0.5008860551804096,685.9448370933885
2026-06-07 10:39:48.599308,44.11028760729767,63.77397090992182,100.05648623673578,0.6849822902342823,610.6684004635698
2026-06-07 11:39:48.599308,44.12038149044838,44.59035296058139,88.9609209230046,0.38010493804261397,542.3720681048096
2026-06-07 12:39:48.599308,70.82185192523777,63.48228184145019,136.2436511478041,0.2538206042994038,499.9787421627006
2026-06-07 13:39:48.599308,44.56712408554534,56.055087336013095,91.34205146913072,0.5660621003930459,410.72395896040433
2026-06-07 14:39:48.599308,49.08452512144479,54.51643444064804,99.60642203306139,0.3819428254069603,418.13545979066106
2026-06-07 15:39:48.599308,47.63201410794562,52.275404565955256,99.22389101646203,0.07409956809789461,385.04863563239286
2026-06-07 16:39:48.599308,45.21113001044638,56.99568057176035,123.42386565416662,0.5271132515725633,313.2322092581199
2026-06-07 17:39:48.599308,37.47784604287723,54.811826487875756,105.57575482561958,0.3197007721069116,292.7135703094013
2026-06-07 18:39:48.599308,46.071753763946134,60.51650941008261,128.71613109010602,0.3864200076543759,307.97634688956146
2026-06-07 19:39:48.599308,33.817398283699426,55.5711382433102,99.89764063634198,0.44979704958535227,293.7132426609685
2026-06-07 20:39:48.599308,38.10545114607993,55.751508807309385,114.18491243335703,0.42857495196686,324.81094080433763
2026-06-07 21:39:48.599308,36.11709161736717,53.18193893893072,97.46979420110364,0.506417772570856,421.57029743768595
2026-06-07 22:39:48.599308,40.65499311509058,54.71527188139466,142.17723691660083,0.3346770444145235,392.58922897762
2026-06-07 23:39:48.599308,58.51726853338807,56.5390088444603,92.18602371455731,0.4769658697264124,437.485986418859
2026-06-08 00:39:48.599308,25.061878459266012,46.449158036716874,114.64731065340541,0.36106799836241243,480.5737458309452
2026-06-08 01:39:48.599308,45.49008152299611,48.25907288947143,119.50665321398148,0.5108215721331255,574.0895681655022
2026-06-08 02:39:48.599308,27.098273030482787,58.71632047011357,116.20698646177247,0.492305122601958,594.5632748034569
2026-06-08 03:39:48.599308,36.22454507368453,55.85432719063971,107.22068511683437,0.2596841946933107,621.9401650876667
2026-06-08 04:39:48.599308,48.711604775738934,54.0800833182366,108.05268950399861,0.5628973174262548,712.844201725078
2026-06-08 05:39:48.599308,40.514240152763705,55.09216966532696,110.65717207968665,0.31960548323289284,735.7732553932228
2026-06-08 06:39:48.599308,31.378041776565553,56.737908526808354,107.79496997557267,0.5212086697421718,681.9872930278389
2026-06-08 07:39:48.599308,34.27757032592025,52.30120159845319,124.45818675192365,0.4550930970102011,637.1889667169952
2026-06-08 08:39:48.599308,45.4367819914774,51.108476372988434,143.15784502387027,0.6757275515192683,703.4304914519955
2026-06-08 09:39:48.599308,34.15706694626291,55.97922627548841,101.63762322488249,0.3664801026442222,620.8824614645093
2026-06-08 10:39:48.599308,41.7316687166558,50.10813611192484,89.45295530631383,0.3476024805822704,623.718767974883
2026-06-08 11:39:48.599308,40.36457471923051,57.04126377857236,108.67576927473118,0.3970870591168401,492.6606944891492
2026-06-08 12:39:48.599308,34.78719721915346,46.4870819788108,148.69564006481477,0.3545230325748588,526.7779201489793
2026-06-08 13:39:48.599308,57.1515527146026,60.14577818662822,97.94488148045404,0.5199912852913076,411.9010331010724
2026-06-08 14:39:48.599308,45.07135217854409,57.362987412065216,134.58675208166102,0.15755340873451185,421.9229235719958
2026-06-08 15:39:48.599308,23.798859306739143,56.28014867156938,135.16551221114662,0.24194763712804687,359.00683579778365
2026-06-08 16:39:48.599308,41.49163451815542,59.91345491972757,101.69617637438009,0.23982956176312106,298.17673666121294
2026-06-08 17:39:48.599308,34.70570828185289,63.32737222231288,118.53474618777913,0.5425461387960364,294.6037453543829
2026-06-08 18:39:48.599308,46.81946667836979,60.07185032509065,134.42594934692806,0.6565920058872888,320.58955370870103
2026-06-08 19:39:48.599308,33.6598340925384,45.795628843341774,104.3130838851877,0.3843326172193793,309.9916683356434
2026-06-08 20:39:48.599308,39.082108468264806,48.60211516632149,106.94629459846458,0.37467674152149844,344.32730865728684
2026-06-08 21:39:48.599308,44.03989823184366,51.875907111521606,101.27478629077035,0.4105078244669772,417.87186129815507
2026-06-08 22:39:48.599308,46.926041553360974,55.130455251054165,94.778649039607,0.5742817453912286,353.0727516486684
2026-06-08 23:39:48.599308,30.39762874355379,57.58829510234562,100.2608368240099,0.2608970298714139,496.7525682285544
2026-06-09 00:39:48.599308,37.323990113272416,51.37128093423267,91.64089599856615,0.43575534741021776,503.13067812569636
2026-06-09 01:39:48.599308,36.20043751071235,55.93383382238539,110.51125202388839,0.5462796444673644,524.8002875708103
2026-06-09 02:39:48.599308,34.77336613941031,51.22308533823339,98.45040153412037,0.47516412549097675,560.0905912278303
2026-06-09 03:39:48.599308,54.12363392224877,51.94241098504026,113.50678867686122,0.4284372424898115,635.7477445139986
2026-06-09 04:39:48.599308,43.23985368768764,47.96669451575889,86.66156530694559,0.5501569138850712,700.8545841146215
2026-06-09 05:39:48.599308,29.912928365319637,50.38383376944548,114.96320348321686,0.0,689.3586916464876
2026-06-09 06:39:48.599308,47.34289557643821,48.241576971918334,122.50293442413387,0.5016812979296361,745.3346479074204
2026-06-09 07:39:48.599308,56.977249576101066,50.12063373511334,80.09396536142818,0.30188864753088646,649.6498945562669
2026-06-09 08:39:48.599308,48.25972208440918,60.268208983039194,115.61084854771359,0.1254050654715315,672.8424123215061
2026-06-09 09:39:48.599308,27.845040272367893,50.25300555584028,128.41503488709938,0.4766803899287471,603.849552904916
2026-06-09 10:39:48.599308,36.12612741706999,68.16191032418695,91.85538471963191,0.6060487817744437,610.908956478749
2026-06-09 11:39:48.599308,50.13528919349298,57.466589504404446,135.08858580256555,0.37938272280584623,578.3704307234233
2026-06-09 12:39:48.599308,34.33864427504975,55.92418061847437,116.28528514049067,0.5429311820804408,487.3771461895684
2026-06-09 13:39:48.599308,43.550555425169826,50.70821109909393,99.42482216362387,0.6418417386982969,370.10977528068184
2026-06-09 14:39:48.599308,46.19707242743469,58.501549397044954,109.16346383513441,0.5972371680376071,405.96844440389486
2026-06-09 15:39:48.599308,32.58455622737534,52.12181086881113,118.37490368782584,0.645994679405709,371.6808003146959
2026-06-09 16:39:48.599308,39.5237971515056,55.610049073226804,111.14008087118617,0.5113191236607838,338.92376189196324
2026-06-09 17:39:48.599308,14.06986127944742,67.80042269134397,118.08133988669553,0.4113150458352389,343.888300496851
2026-06-09 18:39:48.599308,31.804898869325683,54.519700501376754,96.1898961038095,0.15970512821542476,267.86838961052854
2026-06-09 19:39:48.599308,37.97945478885472,60.74636663142838,112.54041236054117,0.36309062678050774,327.22131790569983
2026-06-09 20:39:48.599308,30.017734544281204,51.48411787437056,88.7942825464253,0.27351301070257134,362.57014461745155
2026-06-09 21:39:48.599308,53.05929043145308,54.82505754751519,108.33160907976949,0.7256414076246721,305.221016242495
2026-06-09 22:39:48.599308,28.55886897631494,63.85400317817755,96.44138537802816,0.3736171281351495,409.5895547775692
2026-06-09 23:39:48.599308,36.47964410642413,51.86516471106116,98.9670508611535,0.41848072101767286,433.11079604926556
2026-06-10 00:39:48.599308,41.04592461828873,64.06224278998464,128.54139762815657,0.4827228064060702,497.5543198069506
2026-06-10 01:39:48.599308,51.530186312528926,58.538759677277376,126.36965180891403,0.4065403669558681,562.1941035266542
2026-06-10 02:39:48.599308,28.513102790564485,52.18766612052866,119.13707181360766,0.654257656064613,585.3831430765935
2026-06-10 03:39:48.599308,49.30531001723968,58.1620386952776,93.61530852991132,0.30660259573983223,621.1501138624611
2026-06-10 04:39:48.599308,40.0818644881567,59.862772248133645,105.25387325457797,0.4291911182855864,674.2296532815284
2026-06-10 05:39:48.599308,32.14793079161639,58.10904981108598,128.19646549968775,0.2886294121452928,660.5677870919296
2026-06-10 06:39:48.599308,43.69682779410616,47.14887640054772,112.12575370459857,0.20199662331689416,667.4252461334445
2026-06-10 07:39:48.599308,41.59247756458776,51.364314120875655,144.7899430997254,0.3082346363642072,713.5663637465087
2026-06-10 08:39:48.599308,35.19826498272964,53.762406822242475,115.89976759091557,0.3944444804427382,638.7412597021281
2026-06-10 09:39:48.599308,40.55841667992015,54.62783285449977,112.88073674735047,0.33560466632241104,661.4107312645858
2026-06-10 10:39:48.599308,36.91749122510592,58.10336048775339,105.36325303696248,0.2961368530189216,613.8777387856186
2026-06-10 11:39:48.599308,40.90813876200998,55.88850500466627,112.00311357173423,0.18905238044922495,499.98960715678635
2026-06-10 12:39:48.599308,45.29704539616837,48.323278206449494,107.71295245429185,0.3875341641056958,479.67306042993033
2026-06-10 13:39:48.599308,52.68813452916282,56.90098925502981,120.62163015032885,0.1742919438953497,484.059473070917
2026-06-10 14:39:48.599308,30.097476009385208,58.05292872641912,124.35053475191876,0.5140083945534404,370.5650340658096
2026-06-10 15:39:48.599308,57.06426699725013,57.7989522396552,98.21015809238075,0.4123659629401755,344.64651589340895
2026-06-10 16:39:48.599308,24.383297603819983,60.40390362777311,90.03150569663333,0.18136727508026043,340.6567460406692
2026-06-10 17:39:48.599308,38.785719239715334,59.16961077274452,82.45691940345056,0.3536186384425205,330.31655002066424
2026-06-10 18:39:48.599308,44.70653765187661,57.29590039614218,117.61986990368815,0.28717653916141256,292.4538334186651
2026-06-10 19:39:48.599308,42.24793494188026,54.649171442706766,93.4495009073919,0.4478761765628771,288.8895289014371
2026-06-10 20:39:48.599308,35.01840384143525,46.69519533242004,77.70664110571276,0.6010675669034717,369.46601509406753
2026-06-10 21:39:48.599308,38.335021997141794,57.14809109566293,115.82867906796446,0.11872412955313835,410.74563367661784
2026-06-10 22:39:48.599308,36.05599252272933,56.03843843581556,147.39499276149186,0.4172539118721126,429.3657415234537
2026-06-10 23:39:48.599308,35.285081944446304,56.35789418597687,109.9089363269016,0.375980080665004,450.7957352564464
2026-06-11 00:39:48.599308,46.7968167761682,48.61625712089845,122.57736161677462,0.5007010114675698,475.7520283507722
2026-06-11 01:39:48.599308,42.85612388772038,49.59471729795869,111.22744037821347,0.4319794942356534,526.8504768238072
2026-06-11 02:39:48.599308,34.456723237914765,60.26576426666452,108.51665520213287,0.28720460023917715,615.6754231579728
2026-06-11 03:39:48.599308,47.196799003466005,54.802224230716725,123.78614724481653,0.3521419096500073,653.97330286397
2026-06-11 04:39:48.599308,42.45839616701287,58.40750348686312,105.64588183717024,0.28059612147947666,715.2530385452806
2026-06-11 05:39:48.599308,46.50289695071168,55.1415918806523,114.01088471107855,0.5614010707897897,712.6986680338978
2026-06-11 06:39:48.599308,45.037030735388896,55.14878069747871,114.8254670929402,0.40319674730079136,654.9075909472054
2026-06-11 07:39:48.599308,33.368039912623416,59.69141902987999,99.97864319535427,0.6851786028629512,724.7435937895012
2026-06-11 08:39:48.599308,35.518551678424245,52.41977635891313,124.88063524304785,0.3909008779278069,643.2632619374555
2026-06-11 09:39:48.599308,45.978348840986094,55.48060388470492,107.37560364956887,0.2937389849634306,629.902218078739
2026-06-11 10:39:48.599308,44.88296212346772,52.68862355647479,98.66382260760733,0.17294284110807595,607.5060061875508
2026-06-11 11:39:48.599308,39.83278724828681,52.827518862838424,118.04764765355606,0.12952904856160827,611.6338337140232
2026-06-11 12:39:48.599308,40.93861906647025,53.454139382656805,96.52298027313444,0.16237960854917657,593.2975566801608
2026-06-11 13:39:48.599308,50.221319166307396,56.110668858168566,110.42271736053692,0.4400689976517225,466.43788275358133
2026-06-11 14:39:48.599308,35.26742888931336,52.60625689168261,109.86321505033695,0.4763087534844901,394.50410143838843
2026-06-11 15:39:48.599308,44.3767790493603,61.278780627867604,126.28843348747367,0.16282139469518003,374.6138132171071
2026-06-11 16:39:48.599308,38.38245878052885,50.52696348890248,117.12047349319928,0.5342557471114173,353.4245820193274
2026-06-11 17:39:48.599308,38.258550374182235,54.06564177919321,109.62459561882284,0.3275408422474841,297.1948059754706
2026-06-11 18:39:48.599308,48.79021481589752,52.801344708629124,122.26649448800431,0.42201895179783244,353.85634067736964
2026-06-11 19:39:48.599308,46.60333079190424,62.23488942176866,130.8531132352597,0.6418330942383137,313.7169575179284
2026-06-11 20:39:48.599308,46.50807708800511,55.98277388255787,118.36715459527794,0.5345258973798298,341.7272119158541
2026-06-11 21:39:48.599308,50.44383045723463,60.159222697343175,110.15528929765071,0.35972040281412515,378.55637132432435
2026-06-11 22:39:48.599308,40.168030733062075,47.57219813481514,90.3224565147476,0.2663211661877069,412.64759831843355
2026-06-11 23:39:48.599308,45.45562377035971,56.33525132934629,94.02329505386942,0.0772276898006043,473.4044059935841
2026-06-12 00:39:48.599308,37.51786594725235,59.44815397811718,105.42162943467999,0.292127002113637,481.4824044035923
2026-06-12 01:39:48.599308,42.593330819907536,55.41141994637712,100.85731696761076,0.36833046417584586,535.0147564021232
2026-06-12 02:39:48.599308,38.95885556505852,60.32740187532676,107.19543045521831,0.25192307092732247,566.9953730108491
2026-06-12 03:39:48.599308,40.77596771994175,52.41355774949814,110.8497488734566,0.3803114549361543,654.6063931559163
2026-06-12 04:39:48.599308,44.76125620349531,62.0467372009279,117.94539131535096,0.41152778244381527,696.5731758622511
2026-06-12 05:39:48.599308,33.45423453413222,66.49449061809625,108.94251832911362,0.3662716027287882,706.9183512423702
2026-06-12 06:39:48.599308,56.739098205483685,53.18580719780171,117.29752465739303,0.3024996128764811,750.2347730004261
2026-06-12 07:39:48.599308,31.951860948002384,52.77248739299614,110.9671162221518,0.4252982007950092,693.0172846929422
2026-06-12 08:39:48.599308,30.286491097698143,62.26692238558851,80.36800150469193,0.46629109743541136,693.2673304246632
2026-06-12 09:39:48.599308,49.26488698800054,62.89786072865356,95.90996909271868,0.2364401383835731,608.67032995313
2026-06-12 10:39:48.599308,46.333301551703485,52.38569986423366,107.83868666417577,0.6116398569619406,588.387008925768
2026-06-12 11:39:48.599308,44.99295853641724,52.89906591452071,91.85457885738339,0.38521178015736074,572.6299417474776
2026-06-12 12:39:48.599308,45.02676407411424,53.59107695569746,118.99893094994307,0.40282744344172716,525.4730633222944
2026-06-12 13:39:48.599308,39.90202581722468,48.27774744482861,132.96126248515546,0.5062321634884837,439.4171825495704
2026-06-12 14:39:48.599308,32.82196502811335,50.40674026757901,128.28142777545975,0.4349824196895253,397.85202244425807
2026-06-12 15:39:48.599308,40.60643646554981,49.97929616623966,106.79835693604689,0.5429704950869868,313.0424313622663
2026-06-12 16:39:48.599308,34.58270630790311,51.16101217447936,132.36089205274928,0.44306862478027365,316.084043218914
2026-06-12 17:39:48.599308,47.80095786734201,54.82657556306609,112.23001185803167,0.3081343938039343,333.52632964777996
2026-06-12 18:39:48.599308,38.82354094798289,56.1710736626826,104.9437104332294,0.45422552878091527,317.25615048319696
2026-06-12 19:39:48.599308,33.39602242565991,62.75250246407038,100.79896004688591,0.22844106890190077,321.83480638362266
2026-06-12 20:39:48.599308,37.42891326677605,50.00822979630605,105.46295470267808,0.4162839558664785,328.2881298585411
2026-06-12 21:39:48.599308,43.303451634205,59.92161199238292,104.17734772188157,0.3950155014033309,358.7905385215358
2026-06-12 22:39:48.599308,35.4902035775682,53.93005577887246,112.55624333563232,0.3687824714091191,380.1903658157965
2026-06-12 23:39:48.599308,33.422236835468546,54.752681451737836,112.40860971574797,0.3807193732841604,469.2010435855717
2026-06-13 00:39:48.599308,41.9494976919353,58.37409746083302,110.04569030230121,0.11772264317535416,512.6291883316817
2026-06-13 01:39:48.599308,41.95973256886978,49.386389892188504,116.55407254619524,0.3176912638388558,566.5243744602881
2026-06-13 02:39:48.599308,35.94445459703096,56.912048730920255,127.85969412179512,0.41392673517116724,584.2189547199725
2026-06-13 03:39:48.599308,36.23169355505342,55.83226104106528,124.24331203161985,0.4239784587996101,576.8210686411721
2026-06-13 04:39:48.599308,41.85639949886109,57.462256320040744,87.72653047325144,0.2458487288611063,706.1196621094986
2026-06-13 05:39:48.599308,28.415325268021405,56.44584321953909,71.69118297647067,0.5898561761297051,678.8200415775615
2026-06-13 06:39:48.599308,28.740289804987558,67.27650069955448,124.01479866858911,0.2700737727678249,674.1167270787064
2026-06-13 07:39:48.599308,34.252446229980514,51.81130007874342,89.49681952376868,0.5454185800790106,713.9895326152334
2026-06-13 08:39:48.599308,38.292422786305224,52.34501522499091,106.62851897160975,0.46407915428075275,661.4447015593139
2026-06-13 09:39:48.599308,42.487260524784034,51.88429736787618,92.44830460910961,0.3030659035234296,673.2194477587082
2026-06-13 10:39:48.599308,51.80284973559642,52.22261440419873,82.9702934362997,0.6662966338914268,618.5101784873009
2026-06-13 11:39:48.599308,46.86127698561616,51.81306436346741,118.12194092307182,0.22095447523652803,572.2708887165186
2026-06-13 12:39:48.599308,38.72049176029258,60.94508265553776,121.3873274045397,0.5378731260415003,459.021328663984
2026-06-13 13:39:48.599308,39.84787033677849,62.102521239949276,101.35234398909921,0.5500873477064467,484.59451054108786
2026-06-13 14:39:48.599308,31.97976508289753,52.146268531252616,71.13436561782635,0.2994069686385033,407.8375159370157
2026-06-13 15:39:48.599308,39.85189491206088,50.838222134478855,101.80633327621275,0.6088697950096493,347.5003295853045
2026-06-13 16:39:48.599308,37.690730888638896,57.35707778193202,115.8770600810382,0.3624930228101571,331.0965732633798
2026-06-13 17:39:48.599308,42.58174848270472,52.23888477859514,87.81632646838807,0.44330404439197857,253.52777775523674
2026-06-13 18:39:48.599308,33.38215245158142,58.164659088777555,112.75039879668734,0.4390482758156831,312.25958434442015
2026-06-13 19:39:48.599308,44.154772113929376,56.0146151042565,109.77035226240507,0.37985368877941783,275.9336894967242
2026-06-13 20:39:48.599308,52.26191130402062,47.42127942501384,118.68937249401633,0.5216212409739673,286.21481066780626
2026-06-13 21:39:48.599308,39.12991881234514,62.737526006650306,111.79370552621229,0.5190233080828319,312.9078681761538
2026-06-13 22:39:48.599308,43.21369377679153,63.97938836547761,95.40396588677667,0.13772020401427293,433.3806512496976
2026-06-13 23:39:48.599308,45.5211519336889,51.93605654757807,127.94857252496737,0.5956510364317229,429.358289168712
2026-06-14 00:39:48.599308,36.79023622491331,53.06149220032008,107.62205640459545,0.1506262017946489,546.011831297495
2026-06-14 01:39:48.599308,41.79273985448334,56.429326953624525,109.59043190735102,0.5548819306512486,535.6897651289352
2026-06-14 02:39:48.599308,40.10073920625436,56.67228394993513,96.00098061390206,0.5690057705241375,548.7792612722116
2026-06-14 03:39:48.599308,40.78140878839066,58.29272136336415,103.35076623212734,0.2363550354677203,607.9256230388497
2026-06-14 04:39:48.599308,33.815921729156265,65.05102269383175,96.72795928959648,0.3383778568068123,710.2794293570959
2026-06-14 05:39:48.599308,40.19608139407154,54.11526386252975,107.40580910114865,0.23414429972710968,688.5082199197136
2026-06-14 06:39:48.599308,43.9839863299636,51.00851377730773,135.67562720213516,0.3677618454566897,683.551381105282
2026-06-14 07:39:48.599308,51.609148862360335,48.10340385992736,89.42148285602966,0.35379485737213884,697.9857120333972
2026-06-14 08:39:48.599308,47.67416660868165,51.34534980029041,85.79657903184888,0.516949079840401,688.2585628419141
2026-06-14 09:39:48.599308,57.225459660092454,54.83436513563102,132.06755491240412,0.5965463119179414,674.9433207143833
2026-06-14 10:39:48.599308,33.8612194968956,63.97278931758894,106.86014484272201,0.6093525716184934,643.4549768967878
2026-06-14 11:39:48.599308,46.978565093765425,52.41194350481914,99.96390892010125,0.3156747960132547,540.9707496468317
2026-06-14 12:39:48.599308,41.46673604590681,56.11893975819449,125.59857031094114,0.3686167189383209,460.21856941753884
2026-06-14 13:39:48.599308,57.51842346574138,54.917885519636236,100.91576690394704,0.14748427116685753,435.8322361457976
2026-06-14 14:39:48.599308,33.53361371715879,60.94196636724042,137.39014570320404,0.27911949002557174,407.8084151974866
2026-06-14 15:39:48.599308,33.282225262553794,67.63466212936811,120.16888807008904,0.5447277449646186,329.66587597637226
2026-06-14 16:39:48.599308,35.204858836447826,52.3456561353984,102.68132887781447,0.6423374235322348,298.08039179626104
2026-06-14 17:39:48.599308,23.008834205521545,52.552802787408886,142.35962319898255,0.2148476692180117,317.1284711886829
2026-06-14 18:39:48.599308,35.79395982655391,60.22080438534536,100.91427615494992,0.3111303611270659,298.5404294528865
2026-06-14 19:39:48.599308,33.926938707570415,58.409457448131555,121.13143058013961,0.39603913645616096,307.79874460453397
2026-06-14 20:39:48.599308,41.20315029180966,64.23353662868017,114.48938870609737,0.44202417382294096,304.0400592021102
2026-06-14 21:39:48.599308,42.734047806217276,57.91964092662982,129.52611934098198,0.27855947201175313,351.6666223365175
2026-06-14 22:39:48.599308,55.00936671372709,53.203539546064704,133.4226679509028,0.4636091566696135,372.2730056719507
2026-06-14 23:39:48.599308,47.6033907054884,57.95327415346155,110.4800622359865,0.3289240979393626,474.9421433132393
2026-06-15 00:39:48.599308,35.384770754700774,60.54351790291454,98.69873194480725,0.39783215936825816,531.0574800417126
2026-06-15 01:39:48.599308,32.812682629213135,59.10241090598682,116.89958214408675,0.48194263720055497,496.37817315336133
2026-06-15 02:39:48.599308,43.93535337205205,57.53637015553649,99.8342694537184,0.4009633404716407,572.1146741942277
2026-06-15 03:39:48.599308,29.43813434383486,60.33337344794577,140.20080871289935,0.3345421164210147,596.5254785846072
2026-06-15 04:39:48.599308,54.65167012683483,60.84647795222836,112.04802996624106,0.3835585294111254,653.7043627246808
2026-06-15 05:39:48.599308,49.435520965770294,61.91079495518763,104.52017673031837,0.3867455561191997,690.6820261641028
2026-06-15 06:39:48.599308,36.246594783162365,58.24354943794821,112.77020458797362,0.3444983455176808,656.5106434090441
2026-06-15 07:39:48.599308,26.294923767272977,54.16440959841573,89.79310565705455,0.3611805905999347,665.5293708640543
2026-06-15 08:39:48.599308,50.830978993323306,55.733568432166614,95.42578942234023,0.6397970755757075,643.0863595944429
2026-06-15 09:39:48.599308,39.08368123797906,61.03254483254178,128.0062086191664,0.4841379171911858,647.6393761192778
2026-06-15 10:39:48.599308,49.902530495787694,50.91532164506382,100.14658581542906,0.355677952295626,602.0803301110875
2026-06-15 11:39:48.599308,27.244578729645063,56.84336654436451,94.2963352597709,0.5045431606766103,530.1116824203866
2026-06-15 12:39:48.599308,35.20499981636982,53.0333059383632,118.04979128790929,0.34992707653659855,505.30462616418197
2026-06-15 13:39:48.599308,40.041949597745464,55.143724114674086,127.78556231994496,0.5759686956379962,431.8357884418779
2026-06-15 14:39:48.599308,40.375844750117935,61.39225931303649,120.784299659976,0.4554463288297141,391.85034669021843
2026-06-15 15:39:48.599308,36.39947622816605,55.95549534009952,124.94071528708724,0.3839046783993657,408.7822064716467
2026-06-15 16:39:48.599308,44.98279945877999,55.23218274078074,98.64807367145809,0.4671575388715416,367.0087507968227
2026-06-15 17:39:48.599308,31.459036564939247,48.200719295100406,88.67283999887235,0.16436857718972514,267.8273976343584
2026-06-15 18:39:48.599308,38.86096411982965,58.731267830136105,132.5200047793323,0.23098487966352924,324.89197253637525
2026-06-15 19:39:48.599308,40.962365053695194,58.22742090570538,105.15980241736797,0.22091124904014173,331.1567313769341
2026-06-15 20:39:48.599308,44.115510672469995,65.8162736165273,106.23750475317429,0.421441464214556,292.34702058053375
2026-06-15 21:39:48.599308,45.69291902471112,53.461108825234994,129.92291212773586,0.6598772499227638,383.1419730753363
2026-06-15 22:39:48.599308,31.002863265297048,56.09575163831969,118.3434501410099,0.7346950219288948,446.13795755237646
2026-06-15 23:39:48.599308,27.72708663411502,56.246918418553776,116.83831658122412,0.4957076652161136,414.5598467921633
2026-06-16 00:39:48.599308,50.22141457518807,62.887266398817374,142.47503517351626,0.4751266712416686,472.4749153695721
2026-06-16 01:39:48.599308,42.658512095836734,54.52352233806524,100.34722654429785,0.12984133987708918,582.2936530258092
2026-06-16 02:39:48.599308,34.01210770754757,56.3951076288517,123.91760192121856,0.31859893003989675,608.1448593247694
2026-06-16 03:39:48.599308,52.409215804180185,58.0394825485827,110.85519687345626,0.28183243721376416,657.9656444944952
2026-06-16 04:39:48.599308,40.92539707434287,55.93304561578179,114.02888418294886,0.3068728602623326,683.4227572489026
2026-06-16 05:39:48.599308,49.43437747251061,52.76783192724736,132.92702639618798,0.3747784272122816,704.9060428856579
2026-06-16 06:39:48.599308,40.54014785128087,55.970449964491536,117.61753634434436,0.3291864133454309,660.2058361506676
2026-06-16 07:39:48.599308,56.4859833990559,60.36815874929886,118.07444118574449,0.10310502844363187,724.6046964564571
2026-06-16 08:39:48.599308,54.042726739545635,49.867423502944696,126.08761005964703,0.5121865384176301,708.292780529721
2026-06-16 09:39:48.599308,38.00828681216741,55.66484837073438,104.52570905685673,0.23908854613902905,634.5396339152687
2026-06-16 10:39:48.599308,47.77256760763484,51.499395925304135,97.4118549899149,0.4358870296166725,598.6956915055841
2026-06-16 11:39:48.599308,45.16300759668118,60.97523314462421,94.3278620896845,0.711112400462496,505.8305839438326
2026-06-16 12:39:48.599308,50.94905246025879,47.384065476081126,80.50465115935998,0.2620923112620365,515.4276426805351
2026-06-16 13:39:48.599308,32.280612315359164,52.20539076364206,140.84310694910482,0.020456871588050575,465.3979142309202
2026-06-16 14:39:48.599308,45.488411679987514,56.8860593753226,93.45187451417475,0.3570993667179834,398.1342694900207
2026-06-16 15:39:48.599308,48.4673958947967,62.827620146171704,106.68119564621342,0.5651439452497857,392.3092445588057
2026-06-16 16:39:48.599308,25.930084108615084,54.67124869463506,105.84780050166619,0.6937521181330891,316.77260231371406
2026-06-16 17:39:48.599308,30.5339318986738,52.22400236653401,114.61110046713651,0.2155675608321375,323.75301251899435
2026-06-16 18:39:48.599308,23.686142577919195,64.40578534720295,122.23605818808944,0.47450488348547826,269.41006983923654
2026-06-16 19:39:48.599308,37.84474532444354,47.75993049791878,122.90710232539618,0.330203431482992,306.1082702159592
2026-06-16 20:39:48.599308,45.7403380463677,44.00597021689959,101.25383842146593,0.38410774685437965,321.56429150602725
2026-06-16 21:39:48.599308,52.01885641676822,57.200072250266665,107.49317429320382,0.7966515020525552,365.33788142391876
2026-06-16 22:39:48.599308,40.592758243358205,52.489728878236946,114.2386992573245,0.17455445074072706,388.91419213499915
2026-06-16 23:39:48.599308,53.02892436457034,49.89383591434643,106.26963310724679,0.43806094922418604,444.29201310934565
2026-06-17 00:39:48.599308,28.959188334280867,58.541782236496765,134.11018364029988,0.470153975764815,524.7814151432452
2026-06-17 01:39:48.599308,26.372940485158765,56.219003568855996,117.36462427457377,0.5628679487409021,538.6608819033576
2026-06-17 02:39:48.599308,39.55561840882705,52.17960684631636,121.02316679074727,0.4146974730206343,551.8026869778396
2026-06-17 03:39:48.599308,43.07252359151446,48.59847800664553,119.94321903001119,0.44620758092561535,693.9088733634721
2026-06-17 04:39:48.599308,39.73844201524726,59.36228664140072,127.60210786227988,0.3412527148867314,714.6487031176023
2026-06-17 05:39:48.599308,23.460463199680987,58.251005889793305,112.7153233805556,0.4403690411867661,654.4172844046451
2026-06-17 06:39:48.599308,39.287039683897696,54.50412068110309,90.5475207806623,0.34852115867538846,720.6912341573558
2026-06-17 07:39:48.599308,29.564243995961174,64.23318498023833,115.99531927628962,0.49323578347840763,678.0959221412734
2026-06-17 08:39:48.599308,45.35738039064031,49.64957616836924,100.22964659312257,0.34455844959345494,681.1096972168195
2026-06-17 09:39:48.599308,42.93278596877479,47.372374145376305,102.07074977375365,0.456565059085328,650.2480801077144
2026-06-17 10:39:48.599308,32.480961709381155,51.540459650593775,118.7954602813264,0.3956105779472533,592.9677659905103
2026-06-17 11:39:48.599308,35.88906466130645,54.77206991822251,128.57424607150455,0.5689075376158252,528.2508390529124
2026-06-17 12:39:48.599308,31.52629182488839,56.21669724661346,110.31907365104092,0.3922909414617271,479.2837684305122
2026-06-17 13:39:48.599308,39.498567221814625,53.79381971071835,114.63249518898445,0.13404512976896782,420.7504335150586
2026-06-17 14:39:48.599308,47.64113856400991,56.76027698257148,135.53322416952858,0.5892882251070988,375.0453337530867
2026-06-17 15:39:48.599308,32.11419162931565,48.74230287904778,113.61129769232852,0.2641401548706072,356.56329506120994
2026-06-17 16:39:48.599308,44.03237212414275,62.2188230203663,149.02524671270592,0.30193504920267705,305.3221195697897
2026-06-17 17:39:48.599308,35.75793905302047,54.58924410803716,118.48264468447316,0.3106508058934762,327.27639671356496
2026-06-17 18:39:48.599308,33.657017341901245,60.58647915794064,83.58855861266274,0.6061657139756226,344.61738466007785
2026-06-17 19:39:48.599308,39.14375712036354,56.71362673188852,121.30012431656799,0.07964886790319564,289.41323750108506
2026-06-17 20:39:48.599308,31.718061420645007,57.28376609576892,115.71737577324167,0.8706622800489991,333.9770542591736
2026-06-17 21:39:48.599308,35.57080555722254,57.848836401161016,129.34629131124117,0.5584085213599078,373.5691970717785
2026-06-17 22:39:48.599308,30.416976859289214,57.23854280008658,120.09772026904938,0.433485837119374,414.16006812757814
2026-06-17 23:39:48.599308,55.717801063331116,58.21361379933772,107.92316024024339,0.39176589990755706,450.5148490169783
2026-06-18 00:39:48.599308,40.28210841577383,61.64576265066216,91.63552645565952,0.44283311122864855,522.2804725507916
2026-06-18 01:39:48.599308,34.402195936059314,55.98260584850735,106.86465114070963,0.4781683642569008,566.2312776009238
2026-06-18 02:39:48.599308,41.71183928587378,58.54501878794256,97.2421931868605,0.4967823378925086,562.870127330181
2026-06-18 03:39:48.599308,39.10137560247336,54.55132152856387,101.29214825292917,0.4833406699005173,667.4960381689878
2026-06-18 04:39:48.599308,38.23224320373422,62.200586077247365,118.82867606630914,0.41343710218828733,699.82380587489
2026-06-18 05:39:48.599308,44.9133336003474,51.61803848970365,135.0485675652711,0.3703992369539011,670.2865821324563
2026-06-18 06:39:48.599308,46.06006168037844,64.00470216455408,115.92007294734472,0.37730900745197327,701.1381350634281
2026-06-18 07:39:48.599308,35.75599081911578,54.79921024677828,92.06175406947223,0.37076375794709787,713.6850350421457
2026-06-18 08:39:48.599308,35.39345407484256,47.84612448940976,116.66904002330212,0.5700655145300597,666.9256661695069
2026-06-18 09:39:48.599308,37.799586422786845,55.64052207455395,127.94947229968477,0.4890335083421293,673.6106976702898
2026-06-18 10:39:48.599308,21.58463068211532,51.5947417126256,100.85325643520926,0.0,670.9161748385808
2026-06-18 11:39:48.599308,27.878471502411585,59.20321774494362,107.98974249990623,0.49838511647946415,528.1842280414547
2026-06-18 12:39:48.599308,50.934994139556196,51.73688010348805,110.22032292093796,0.42921042920781627,458.56866190538676
2026-06-18 13:39:48.599308,53.15974170801027,52.7690828339261,98.2265253037664,0.39719368653311543,457.35074884764214
2026-06-18 14:39:48.599308,38.007711683548976,45.552296345272346,119.72420650765788,0.34172223203666713,421.6468751537844
2026-06-18 15:39:48.599308,44.612455704446134,52.73846840375462,108.18577777088328,0.568616907997902,351.65265254734754
2026-06-18 16:39:48.599308,42.49000123634829,42.88060336685522,116.29298665860541,0.5421289693184287,370.3927391427433
2026-06-18 17:39:48.599308,64.63104646764191,47.08048588257138,96.6876173329685,0.2840683498264587,266.65666075048887
2026-06-18 18:39:48.599308,48.956599291476614,58.80207328072149,103.43812549514884,0.4610578430686803,320.78755869094834
2026-06-18 19:39:48.599308,38.97665926815387,58.92900079325416,120.83572036741657,0.25425148981880713,288.63901011941954
2026-06-18 20:39:48.599308,32.355676475196596,57.12728780892483,104.40750271862349,0.19305727528166047,378.3762564293312
2026-06-18 21:39:48.599308,27.14842943793942,50.165119284353935,135.9044577685011,0.30599241631150526,418.35410435773406
2026-06-18 22:39:48.599308,41.627709086937784,54.7614432192901,104.00545721578096,0.5293590208574138,377.00030236649945
2026-06-18 23:39:48.599308,33.949194037725576,54.98198730454716,113.37027088627829,0.542968756806413,431.74947690223826
2026-06-19 00:39:48.599308,28.621970323218605,49.20817655403729,123.98886247809635,0.476962813014594,525.7876366093941
2026-06-19 01:39:48.599308,34.82741692605978,62.51699150883575,88.72451400600453,0.5087643680271996,540.1498895268187
2026-06-19 02:39:48.599308,31.34761597108484,59.386811452878355,83.58786782028837,0.47742674306724375,598.6376634620328
2026-06-19 03:39:48.599308,53.49713308058052,53.89517913085168,87.11515528144858,0.3037777607165572,642.1830088535818
2026-06-19 04:39:48.599308,47.053118055595604,55.134429194972654,128.93876155140774,0.4647883817010911,615.614886070958
2026-06-19 05:39:48.599308,39.93621886946706,56.04191403973776,101.7221278116133,0.5200614287841524,692.7700328749866
2026-06-19 06:39:48.599308,51.83955311112021,44.791325657878545,148.37298928502378,0.5131436994720362,679.3081667780748
2026-06-19 07:39:48.599308,40.61894646118095,53.764113087397014,101.53628602013917,0.5783370057211965,678.3914805858205
2026-06-19 08:39:48.599308,33.10972638937389,51.59007876001101,112.76826954795555,0.5062455770801596,716.5140408609523
2026-06-19 09:39:48.599308,52.18499261815726,49.99189995052542,133.13164928851813,0.45271723113123746,603.7261494089319
2026-06-19 10:39:48.599308,44.31128034947727,53.594498535570224,140.09139332238684,0.5605225357474641,624.3961556024393
2026-06-19 11:39:48.599308,31.70203076538835,63.988432634247616,140.92255364954596,0.396021811112641,543.39492111055
2026-06-19 12:39:48.599308,38.47729057533113,58.20421430633505,128.12549345889713,0.26771880231584233,491.60719494512495
2026-06-19 13:39:48.599308,32.99505397292194,52.144105051086015,125.36093788717194,0.37553995540843543,471.9473478610472
2026-06-19 14:39:48.599308,28.937602152285308,57.86291390678079,118.88790423801774,0.28826460327903264,410.2015388370668
